Nombre,Precio,Enlace
"VIZIO 24-inch D-Series FHD LED Smart TV w/Bluetooth Headphone Capable, AMD FreeSync & Alexa Compatibility, D24fM-K01, 2023 Model",159.99,https://www.amazon.com/VIZIO-D24fM-K01-TBD/dp/B0B286BGSL/ref=sr_1_2?keywords=Televisor&qid=1697662273&sr=8-2
"Westinghouse HD 32 Inch TV, Slim, Compact 720p LED Flat Screen TV with Built-in HDMI, USB, VGA, and V-Chip, High Definition Small TV and Monitor for Home or Office, 2022 Model",129.99,https://www.amazon.com/Westinghouse-32-720p-2022-Model/dp/B09QRM1LVN/ref=sr_1_3?keywords=Televisor&qid=1697662273&sr=8-3
Hisense 40-Inch 40H5500F Class H55 Series Android Smart TV with Voice Remote (2020 Model),269.99,https://www.amazon.com/Hisense-40-Inch-Android-Remote-40H5500F/dp/B085LRHL3P/ref=sr_1_4?keywords=Televisor&qid=1697662273&sr=8-4
"Feihe 22 Inch TV, 1080p LED Widescreen HDTV w/Digital ATSC Tuners, 22 Inch Flat Screen TV with HDMI/VGA/RCA/USB for Kitchen, RV, Bedroom, Caravan",169.99,https://www.amazon.com/Feihe-Widescreen-Digital-Kitchen-Bedroom/dp/B0B7JXTQX2/ref=sr_1_5?keywords=Televisor&qid=1697662273&sr=8-5
"VIZIO 40-inch D-Series Full HD 1080p Smart TV with AMD FreeSync, Apple AirPlay and Chromecast Built-in, Alexa Compatibility, D40f-J09, 2022 Model",168.00,https://www.amazon.com/VIZIO-Chromecast-Mirroring-Streaming-Channels/dp/B092Q1TRJC/ref=sr_1_6?keywords=Televisor&qid=1697662273&sr=8-6
"TCL 32-Inch Class S3 1080p LED Smart TV with Fire TV (32S350F, 2023 Model), Alexa Built-in, Apple AirPlay Compatibility, Streaming FHD Television,Black",139.99,https://www.amazon.com/TCL-32S350F-Compatibility-Streaming-Television/dp/B0C1HZRXXN/ref=sr_1_7?keywords=Televisor&qid=1697662273&sr=8-7
"Hisense 40-Inch Class A4 Series FHD 1080p Google Smart TV (40A4K, 2023 Model) - DTS Virtual: X, Game & Sports Modes, Chromecast Built-in, Alexa Compatibility, Black",178.00,https://www.amazon.com/Hisense-40-Inch-Google-40A4K-Built/dp/B0C7VBWHLQ/ref=sr_1_8?keywords=Televisor&qid=1697662273&sr=8-8
"PHILIPS 32"" Class HD (720P) 120PMR Mobile App | Compatible with Netflix Disney+ YouTube AppIe TV Alexa and Google Assistant 32PFL (Renewed)",118.99,https://www.amazon.com/PHILIPS-Compatible-Netflix-YouTube-Assistant/dp/B0C3PQFG4D/ref=sr_1_9?keywords=Televisor&qid=1697662273&sr=8-9
"TCL 40-Inch Class S3 1080p LED Smart TV with Roku TV (40S350R, 2023 Model), Compatible with Alexa, Google Assistant, and Apple HomeKit Compatibility, Streaming FHD Television,Black",179.99,https://www.amazon.com/TCL-40S350R-Compatible-Compatibility-Television/dp/B0C1J1TWQM/ref=sr_1_10?keywords=Televisor&qid=1697662273&sr=8-10
"TCL 32"" Class 3-Series HD 720p LED Smart Roku TV - 32S355, Black",129.95,https://www.amazon.com/TCL-Class-720p-Smart-Roku/dp/B09YWT3P5Q/ref=sr_1_11?keywords=Televisor&qid=1697662273&sr=8-11
"Westinghouse Roku TV - 32 Inch Smart TV, 720P LED HD TV with Wi-Fi Connectivity and Mobile App, Flat Screen TV Compatible with Apple Home Kit, Alexa and Google Assistant (2023 Model)",139.99,https://www.amazon.com/Westinghouse-Roku-Connectivity-Compatible-Assistant/dp/B0BZT9Y3L9/ref=sr_1_13?keywords=Televisor&qid=1697662273&sr=8-13
ATYME 32-inch Class 60Hz 720p HD LED TV Flat Screen 1*USB 3* HDMI 1*VGA ARC Dual Channel 8W Speakers Monitor Television 320GM5HD,116.99,https://www.amazon.com/Atyme-320GM5HD-ATYME-LED-HDTV/dp/B07FYYYHNP/ref=sr_1_14?keywords=Televisor&qid=1697662273&sr=8-14
"TuTu 22 inch TV,60Hz 1080P FHD LED Television and Monitor with Dolby Audio for Home or Office 22"" Flat-Screen TV with HDMI,USB,VGA,RCA(2023 Model)",109.99,https://www.amazon.com/TuTu-Television-Monitor-Office-Flat-Screen/dp/B0C784F6LW/ref=sr_1_15?keywords=Televisor&qid=1697662273&sr=8-15
"TCL 32-Inch Class S3 1080p LED Smart TV with Google TV (32S350G, 2023 Model), Google Assistant Built-in with Voice Remote, Compatible with Alexa, Streaming FHD Television,Black",138.00,https://www.amazon.com/TCL-32S350G-Assistant-Compatible-Television/dp/B0C1HZ9HCM/ref=sr_1_16?keywords=Televisor&qid=1697662273&sr=8-16
"FANGOR 1080P HD Projector, WiFi Bluetooth Projectors, Max 230”Projection Screen Portable Home Theater Video Movie Proyector With Tripod, Compatible with HDMI, USB, Laptop, iOS & Android Phone",127.80,https://www.amazon.com/Projector-Bluetooth-Compatible-PowerPoint-Presentation/dp/B07ZNSPZWX/ref=sr_1_18?keywords=Televisor&qid=1697662273&sr=8-18
"Mini Projector, iGRR WiFi Projector 1080P Supported Portable Outdoor Movie Projector with Synchronize Smartphone Screen, Compatible with IOS/ Android, HDMI/ TV Stick",55.99,https://www.amazon.com/Projector-iGRR-Synchronize-Smartphone-Compatible/dp/B0BMTCZQ31/ref=sr_1_19?keywords=Televisor&qid=1697662273&sr=8-19
